"conc","Interval","Movement"
" 0","B",1.89820377836538
" 0","E",2.17514668461538
" 0","R",0.157251623557692
