"conc","Interval","Movement"
0,"B",4.93914247606383
0,"E",16.3563833364362
0,"R",1.05551867287234
